{"cameraMode":{"drawMode":0,"name":"Shaded","section":"Shading Mode"},"sceneLighting":false,"audioPlay":false,"sceneViewState":{"showFog":true,"showMaterialUpdate":true,"showSkybox":true,"showFlares":true,"showImageEffects":true,"showParticleSystems":true},"in2DMode":false,"pivot":{"x":-9.060797691345215,"y":-6.9075541496276859,"z":31.315677642822267},"rotation":{"x":0.028484880924224855,"y":0.028484271839261056,"z":-0.0008120398852042854,"w":0.9991880059242249},"size":2.3566715717315676,"orthographic":false}